<?xml version="1.0"?>
<browsers>
<browser name="Mohsin Ahmed" value="MA" votes="0"/>
<browser name="Tasnim Rahman" value="TR" votes="0"/>
<browser name="Md Omar Faruk" value="OF" votes="0"/>
<browser name="MD.IMRAN HUSSAIN" value="IH" votes="8"/>
<browser name="Shamsul Haque Jewel" value="SHJ" votes="0"/>
<browser name="SAYED ABU ZAYED HOSSAIN" value="SAJH" votes="1"/>
<browser name="Adnan Hossain" value="AH" votes="0"/>
<browser name="Md.Feroze Alam" value="MFA" votes="0"/>
<browser name="Irin Binte Abbas" value="IBA" votes="0"/>
<browser name="Md Shariful Islam" value="SI" votes="6"/>
<browser name="Md. Taijul Islam" value="TI" votes="0"/>
<browser name="Md. Tamimul Islam" value="TI" votes="0"/>
<browser name="Tajrin Jahan Tarin" value="TJT" votes="0"/>
<browser name="IBRAHIM SARKER" value="IS" votes="0"/>
<browser name="Md.Shaidur Rahman" value="SR" votes="0"/>
</browsers>
